icgc_donor_id,donor_sex,donor_vital_status,disease_status_last_followup,donor_diagnosis_icd10,donor_age_at_diagnosis,donor_age_at_last_followup,donor_interval_of_last_followup,specimen_type,segment_mean,chromosome,chromosome_start,chromosome_end,mutation_type,reference_genome_allele,mutated_from_allele,mutated_to_allele,tumour_confirmed
0,1,2,3,4,61,62,497,1,0,1,1,1,0,2,2,4,1
164,0,0,0,5,58,62,1708,3,0,0,2,4,0,2,2,4,0
163,0,0,0,4,67,68,662,3,0,0,2,4,0,2,2,4,1
170,0,0,0,4,54,57,11.5,1,0,0,2,4,0,2,2,4,0
171,0,0,2,4,62,62,231,1,0,0,0,4,0,2,2,4,1
169,0,0,0,4,57,63,2331,3,0,0,0,4,0,2,2,4,0
168,1,0,0,4,56,56,150,1,0,0,0,4,0,2,2,4,1
166,1,0,0,4,67,70,1326,3,0,0,0,4,0,2,2,4,0
167,1,0,0,4,61,64,1339,3,0,0,0,4,0,2,2,4,1
165,1,0,1,5,45,55,3827,1,0,0,0,4,0,2,2,4,0
178,1,0,0,5,76,76,28,1,1,0,0,4,1,2,2,4,1
177,1,0,0,3,79,79,162,3,1,0,0,4,1,2,2,4,0
175,1,0,0,3,36,36,170,1,1,0,0,4,1,2,2,4,1
176,1,0,2,3,57,61,1628,3,1,2,2,4,1,2,2,4,0
174,0,0,0,3,58,60,807,3,1,2,2,4,1,2,2,4,1
173,0,0,0,3,78,79,541,1,1,2,2,4,1,2,2,4,0
172,0,0,0,3,60,60,530,3,1,2,2,4,1,2,2,4,1
179,0,1,2,3,40,40,241,1,1,2,2,4,1,2,2,4,0
180,0,0,0,3,41,41,29,3,1,2,2,4,1,2,2,4,1
188,0,0,0,3,56,56,109,3,1,2,2,4,1,2,2,4,0
184,0,0,0,5,50,50,132,3,1,2,2,4,1,2,2,4,1
185,0,0,0,5,65,65,0,1,1,2,2,4,1,2,2,4,0
187,0,0,0,5,50,50,0,1,1,2,2,4,1,2,2,4,1
186,0,0,0,5,63,63,27.566,1,1,2,2,4,1,2,2,4,0
183,0,1,2,5,73,80,2758,3,1,2,2,4,1,2,2,4,1
182,0,0,0,5,63,63,63.55,3,1,2,2,4,1,2,2,4,0
181,0,1,2,5,68,68,325,1,1,2,2,4,1,2,2,4,1
195,0,0,0,5,62,66,1561,2,1,2,2,4,1,2,2,4,0
194,0,0,0,5,40,59,7067,1,1,2,2,4,1,2,2,4,1
193,0,0,0,5,50,52,739,3,1,2,2,4,1,2,2,4,0
191,0,0,2,5,58,58,7,1,1,2,2,4,1,2,2,4,1
192,0,0,0,5,69,79,3913,3,1,2,2,4,1,3,3,0,0
189,0,0,2,5,40,41,633,3,1,3,3,0,1,3,3,0,1
190,0,0,0,5,69,69,224,1,1,3,3,0,1,3,3,0,0
894,0,0,2,5,66,66,161,3,1,3,3,0,1,3,3,0,1
895,0,0,0,5,45,45,10,1,0,3,3,0,1,3,3,0,0
200,0,0,0,5,49,49,170,3,0,3,3,0,1,3,3,0,1
891,0,0,0,5,70,70,98,2,0,3,3,0,1,3,3,0,0
892,0,0,2,5,79,79,0,3,0,3,3,0,1,3,3,0,1
199,0,0,0,5,61,61,189,1,0,3,3,0,1,3,3,0,0
893,0,0,2,5,55,55,137,2,0,3,3,0,1,3,3,0,1
889,0,0,1,5,61,61,137,3,0,3,3,0,1,3,3,0,0
890,0,0,0,5,77,77,80,1,0,3,3,0,1,3,3,0,1
886,0,0,2,5,50,50,118,1,0,3,3,0,1,3,3,0,0
887,0,0,0,5,67,67,126,3,0,3,3,0,1,3,3,0,1
888,0,0,0,5,65,66,702,1,0,3,3,0,1,3,3,0,0
198,0,0,0,5,50,50,97,3,0,3,3,0,1,3,3,0,1
884,0,0,0,5,49,49,99,3,1,3,3,0,1,3,3,0,0
885,0,0,2,5,64,64,34,1,1,3,3,0,1,3,3,0,1
197,0,0,0,5,76,82,2521,1,1,3,3,0,1,3,3,0,0
878,0,0,0,5,51,55,1673,3,1,3,3,0,1,3,3,0,1
879,0,0,0,5,72,74,831,3,1,3,3,0,1,2,2,3,0
880,0,0,0,5,45,45,92,1,1,2,2,3,1,2,2,3,1
881,0,0,2,5,50,60,3941,1,1,2,2,3,1,2,2,4,0
196,0,0,0,5,46,46,111,3,1,2,2,4,1,2,2,4,1
882,0,0,2,5,47,52,1989,1,1,2,2,4,1,2,2,4,0
876,0,0,0,5,47,51,1651,3,1,2,2,4,1,2,2,4,1
877,0,0,1,5,72,72,53,3,1,2,2,4,1,2,2,4,0
872,0,0,0,5,72,72,34,1,1,2,2,4,1,2,2,4,1
873,0,0,0,5,75,75,40,3,1,2,2,4,1,2,2,4,0
874,0,0,0,5,55,55,304,1,1,2,2,4,1,2,2,4,1
875,0,0,0,5,49,49,13,3,1,2,2,4,1,2,2,4,0
871,0,0,0,5,73,73,21,1,1,2,2,4,1,2,2,4,1
870,0,0,0,5,48,48,125,1,1,2,2,4,1,2,2,4,0
866,0,0,0,5,74,74,47,3,1,2,2,4,1,2,2,4,1
867,0,0,0,5,58,58,2,1,1,2,2,4,1,2,2,4,0
868,1,0,1,5,72,72,34,1,1,2,2,4,1,2,2,4,1
869,0,0,0,5,48,48,176,3,1,2,2,4,1,2,2,4,0
864,0,0,0,5,55,59,1519,1,1,2,2,4,1,2,2,4,1
844,0,0,0,5,68,68,169,3,1,2,2,4,1,3,3,0,0
865,0,0,0,5,54,54,140,3,1,3,3,0,0,0,0,2,1
845,1,0,0,0,65,65,55,1,0,0,0,2,0,0,0,2,1
842,1,0,0,5,79,79,203,2,0,0,0,2,1,3,3,0,0
843,1,0,1,5,44,45,605,1,1,3,3,0,1,3,3,0,1
840,1,0,0,5,71,71,207,3,1,3,3,0,1,3,3,0,0
841,1,0,0,5,52,52,12,1,1,3,3,0,1,3,3,0,1
860,1,0,2,5,47,47,134,3,1,3,3,0,1,3,3,0,0
861,1,0,0,5,48,48,132,3,1,3,3,0,1,3,3,0,1
862,1,0,0,5,51,51,181,1,1,3,3,0,1,3,3,0,0
863,1,0,0,5,79,79,55,3,1,3,3,0,1,3,3,0,1
839,1,0,0,5,76,76,224,1,1,3,3,0,1,3,3,0,0
125,1,0,0,5,63,66,1156,1,1,3,3,0,1,3,3,0,1
410,0,0,0,5,53,53,260,3,1,3,3,0,1,3,3,0,0
411,0,0,0,5,68,76,3088,1,1,3,3,0,1,3,3,0,1
124,0,0,0,5,80,80,49,3,1,3,3,0,1,3,3,0,0
409,0,0,0,5,43,44,495,3,1,3,3,0,1,4,4,1,1
408,0,0,0,5,67,67,162,1,1,4,4,1,1,4,4,1,0
407,0,0,2,5,61,61,277,3,1,4,4,1,1,4,4,1,1
406,0,0,0,5,48,48,268,1,1,4,4,1,1,4,4,1,0
405,0,0,0,5,31,31,60.445,3,1,4,4,1,0,43,4,1,1
418,0,1,2,5,34,34,319,1,1,4,4,1,0,4,4,1,0
133,0,0,0,5,52,53,392,3,0,4,4,1,0,4,4,1,1
132,0,0,0,5,84,84,147,1,0,4,4,1,0,4,4,1,0
417,0,0,0,5,59,63,1633,3,0,4,4,1,1,4,4,1,1
416,0,0,0,5,66,66,60.445,1,0,4,4,1,1,4,4,1,0
130,0,1,2,5,63,67,1463,3,0,4,4,1,1,4,4,1,1
131,0,0,0,5,62,65,1154,1,0,4,4,1,1,4,4,1,0
415,0,0,0,5,27,31,1500,3,0,4,4,1,1,4,4,1,1
128,0,0,0,5,40,40,304,1,1,4,4,1,1,2,2,0,0
414,0,0,1,5,48,49,371,2,1,2,2,0,1,2,2,0,1
129,0,0,0,5,80,80,0,1,1,2,2,0,1,2,2,0,0
412,0,0,0,5,50,50,34.66,3,1,2,2,0,1,2,2,0,1
126,0,1,2,5,72,80,3019,1,1,2,2,0,1,2,2,0,0
413,0,0,0,5,58,58,0,3,1,2,2,0,0,0,0,0,1
127,0,0,0,5,81,82,458,3,0,0,0,0,0,0,0,0,0
141,0,0,1,5,80,80,236,1,0,0,0,0,0,0,0,0,1
140,0,0,0,5,48,53,2179,2,0,0,0,0,0,0,0,0,0
139,0,0,0,5,59,66,2876,1,0,0,0,0,0,0,0,0,1
138,0,0,0,5,49,49,162,3,0,0,0,0,1,3,3,4,0
137,0,0,0,5,64,64,15,1,1,3,3,4,1,3,3,4,1
136,0,0,2,5,60,61,643,3,1,3,3,4,1,3,3,4,0
421,0,0,0,5,76,76,316,3,1,3,3,4,1,3,3,4,1
420,0,0,0,5,31,33,856,1,1,3,3,4,1,3,3,4,0
135,0,0,0,5,80,81,658,1,1,3,3,4,1,3,3,4,1
419,0,0,0,5,58,59,365,3,1,3,3,4,1,3,3,4,0
134,0,0,0,5,50,50,285,3,1,3,3,4,1,3,3,4,1
142,0,0,0,5,41,41,273,1,1,3,3,4,1,3,3,4,0
143,0,0,0,5,54,59,2074,3,1,3,3,4,1,3,3,4,1
148,0,0,2,5,63,68,1965,1,1,3,3,4,1,3,3,4,0
149,0,0,0,5,54,54,10,3,0,3,3,4,1,3,3,4,1
146,0,0,2,5,52,52,0,1,1,3,3,4,1,3,3,4,0
147,0,0,0,5,58,59,553,1,1,3,3,4,1,3,3,4,1
145,0,0,0,5,70,70,224,3,1,3,3,4,1,3,3,4,1
144,0,0,2,5,56,56,72,1,1,3,3,4,1,3,3,4,1
156,0,0,0,5,67,67,289,3,1,3,3,4,1,3,3,4,1
155,0,0,0,5,65,66,414,3,1,3,3,4,1,3,3,4,1
154,0,0,0,5,51,51,745,1,1,3,3,4,1,3,3,4,1
152,0,0,0,5,77,78,727,3,1,3,3,4,1,2,2,4,1
153,0,0,0,5,55,55,257,1,1,2,2,4,1,2,2,4,1
150,0,0,2,5,41,42,660,1,1,2,2,4,1,2,2,4,1
151,0,0,0,5,70,70,64,3,1,2,2,4,1,2,2,4,1
161,0,0,0,5,45,45,60.445,1,1,2,2,4,1,2,2,4,1
162,0,1,2,5,42,42,24,3,1,2,2,4,1,2,2,4,0
159,0,0,1,5,68,70,920,0,1,2,2,4,1,2,2,4,0
160,0,0,1,5,54,54,10,1,1,2,2,4,1,2,2,4,1
157,0,0,2,5,52,53,635,3,1,2,2,4,1,2,2,4,0
158,0,0,0,5,75,85,3836,3,1,2,2,4,1,2,2,4,0
80,0,0,0,5,62,64,1059,1,1,2,2,4,1,2,2,4,1
81,0,0,2,5,52,52,60.445,3,1,2,2,4,1,2,2,4,0
374,0,1,2,5,36,36,90,1,1,2,2,4,1,2,2,4,1
373,0,0,0,5,79,79,60.445,2,1,2,2,4,1,2,2,4,1
372,0,1,2,5,84,84,60.445,1,1,2,2,4,1,2,2,4,1
371,0,1,2,5,49,52,1310,3,1,2,2,4,1,2,2,4,0
370,0,0,0,5,69,70,426,3,1,2,2,4,1,2,2,4,0
369,0,0,0,5,65,65,44,1,1,2,2,4,1,2,2,4,1
367,0,0,0,5,39,39,258,3,1,2,2,4,1,2,2,4,0
368,0,0,0,5,52,52,10,1,1,2,2,4,1,2,2,4,1
91,0,0,0,5,45,46,554,3,1,2,2,4,1,2,2,4,0
382,0,0,0,5,58,58,60.445,1,1,2,2,4,1,2,2,4,1
89,0,1,2,5,63,64,410,3,1,2,2,4,1,2,2,4,0
380,0,0,0,5,47,48,671,1,1,2,2,4,1,2,2,4,1
381,0,0,0,5,43,43,48,3,1,2,2,4,1,2,2,4,0
90,0,0,0,5,28,28,0,1,1,2,2,4,1,2,2,4,1
88,0,0,0,5,57,58,725,1,1,2,2,4,1,4,4,0,1
378,0,0,0,5,71,84,4929,3,1,4,4,0,1,4,4,0,0
379,0,0,0,5,60,61,476,3,1,4,4,0,1,4,4,0,0
87,0,0,0,5,63,66,1288,1,1,4,4,0,1,4,4,0,1
85,0,0,0,5,52,55,1303,3,1,4,4,0,1,4,4,0,0
377,0,0,0,5,48,50,735,1,1,4,4,0,1,4,4,0,1
86,0,0,1,5,61,66,1888,3,1,4,4,0,1,4,4,0,0
83,0,0,2,5,81,81,60.445,1,1,4,4,0,1,4,4,0,1
376,0,1,2,5,63,63,42,3,1,4,4,0,1,4,4,0,0
84,0,0,0,5,50,50,324,1,1,4,4,0,1,4,4,0,1
82,0,0,0,5,63,64,593,1,1,4,4,0,1,4,4,0,1
375,0,0,0,5,58,58,0,3,1,4,4,0,1,4,4,0,0
99,0,0,0,5,53,55,770,1,1,4,4,0,1,4,4,0,1
98,0,0,0,5,79,79,60.445,3,1,4,4,0,1,4,4,0,0
96,0,1,2,1,70,70,30,2,1,4,4,0,1,4,4,0,1
97,0,0,2,5,56,56,13,1,1,4,4,0,1,4,4,0,1
95,0,0,0,5,67,67,60.445,3,1,4,4,0,1,4,4,0,0
385,0,1,2,5,53,53,5,1,1,4,4,0,1,4,4,0,1
94,0,0,0,5,59,60,437,3,1,4,4,0,1,4,4,0,0
386,0,0,2,5,53,53,220,1,1,4,4,0,1,4,4,0,1
384,0,0,0,0,44,48,1572,3,1,4,4,0,1,4,4,0,0
93,0,0,0,5,62,62,10,3,1,4,4,0,1,4,4,0,0
383,0,0,0,5,71,71,0,1,1,4,4,0,1,4,4,0,1
92,0,0,0,5,65,65,122,2,1,4,4,0,1,4,4,0,1
101,0,0,2,5,50,57,2763,1,1,4,4,0,1,4,4,0,1
102,0,0,0,5,80,80,60.445,3,1,4,4,0,1,4,4,0,0
100,0,1,2,5,60,60,18,3,1,4,4,0,1,4,4,0,0
390,0,0,0,5,42,56,5383,1,1,4,4,0,1,4,4,0,1
389,0,0,0,5,50,51,515,3,1,4,4,0,1,4,4,0,0
388,0,0,0,5,68,69,579,1,1,4,4,0,1,4,4,0,1
387,0,0,0,5,61,63,983,1,1,4,4,0,1,4,4,0,1
396,0,0,0,5,60,60,0,3,1,4,4,0,1,4,4,0,0
108,0,0,0,5,58,58,0,2,1,4,4,0,1,4,4,0,1
107,0,0,0,5,90,90,60.445,1,1,4,4,0,1,4,4,0,1
105,0,1,2,5,64,64,312,3,1,4,4,0,1,2,2,4,0
106,0,0,0,5,52,56,1648,3,1,2,2,4,1,2,2,4,0
395,0,0,2,5,58,58,60.445,1,1,2,2,4,1,2,2,4,1
394,0,1,2,5,42,42,98,1,1,2,2,4,1,2,2,4,1
103,0,0,0,5,61,61,334,3,1,2,2,4,1,2,2,4,0
393,0,0,0,5,60,61,647,1,1,2,2,4,1,2,2,4,1
104,0,0,0,5,51,54,1132,3,1,2,2,4,1,1,1,4,0
392,0,0,0,5,67,67,11,1,1,1,1,4,1,1,1,4,1
391,0,0,0,5,49,50,449,3,1,1,1,4,1,1,1,4,0
117,0,0,0,5,36,40,1471,1,1,1,1,4,1,1,1,4,1
403,0,0,0,5,43,44,450,3,1,1,1,4,1,1,1,4,0
116,0,0,0,5,82,83,372,1,1,1,1,4,1,3,3,0,1
404,0,0,0,5,41,41,294,3,1,3,3,0,1,3,3,0,0
115,0,0,0,5,56,57,523,1,1,3,3,0,1,3,3,0,1
113,0,0,0,5,74,74,10,3,1,3,3,0,1,3,3,0,0
402,0,0,0,5,62,65,1442,3,1,3,3,0,1,3,3,0,0
114,0,0,0,5,56,59,1321,2,1,3,3,0,1,3,3,0,1
401,0,0,0,5,69,69,16,3,1,3,3,0,1,3,3,0,0
112,0,0,0,5,65,66,577,1,1,3,3,0,1,3,3,0,1
399,0,0,0,5,57,57,189,1,1,3,3,0,1,3,3,0,1
400,0,0,0,5,54,55,369,3,1,3,3,0,1,3,3,0,0
111,0,0,0,5,40,40,60.445,3,1,3,3,0,1,3,3,0,0
110,0,1,2,5,39,40,416,1,1,3,3,0,1,2,2,4,1
398,0,0,0,5,59,63,1813,3,1,2,2,4,1,2,2,4,0
397,0,0,0,5,39,39,60.445,1,1,2,2,4,1,2,2,4,1
109,0,1,2,5,73,73,60.445,3,1,2,2,4,1,2,2,0,0
122,0,1,2,5,49,50,376,1,1,2,2,0,1,2,2,4,1
123,0,0,0,5,46,46,60.445,3,1,2,2,4,1,2,2,4,0
121,0,1,2,5,35,35,360,1,1,2,2,4,1,2,2,4,1
120,0,0,0,5,83,85,761,3,1,2,2,4,1,2,2,4,0
119,0,0,1,5,51,52,586,1,1,2,2,4,1,2,2,4,1
118,0,0,0,5,63,65,841,3,1,2,2,4,1,2,2,4,0
717,0,0,0,5,48,49,677,1,1,2,2,4,1,2,2,3,1
716,0,0,0,5,78,78,31,1,1,2,2,3,1,2,2,3,1
718,0,0,0,5,62,62,205,3,1,2,2,3,1,2,2,3,0
710,0,0,0,5,75,75,58,1,1,2,2,3,1,2,2,3,1
709,0,0,2,5,60,70,3820,3,1,2,2,3,1,2,2,3,0
712,0,0,0,5,52,57,1903,1,1,2,2,3,1,1,1,3,1
711,0,0,0,5,60,60,12,3,1,1,1,3,1,1,1,3,0
715,0,0,0,5,42,45,1209,1,1,1,1,3,1,1,1,3,1
714,0,0,0,5,51,51,78,3,1,1,1,3,1,1,1,3,0
704,0,0,0,5,71,73,945,3,1,1,1,3,1,1,1,3,0
703,0,0,0,5,44,44,252,2,1,1,1,3,1,1,1,3,1
707,0,0,0,5,48,48,23,3,1,1,1,3,1,1,1,3,0
706,0,0,0,5,54,55,439,1,1,1,1,3,1,1,1,3,1
705,0,0,0,5,56,64,3021,3,1,1,1,3,1,3,3,4,0
708,0,0,0,5,67,71,1753,1,1,3,3,4,1,3,3,4,1
701,0,0,0,5,54,62,2955,1,1,3,3,4,1,3,3,4,1
698,0,0,0,5,62,65,1440,3,1,3,3,4,1,3,3,4,0
697,0,0,0,5,64,64,169,1,1,3,3,4,1,3,3,4,1
700,0,0,2,5,84,84,177,3,1,3,3,4,1,3,3,4,0
699,0,0,0,5,45,51,2238,3,1,3,3,4,1,3,3,4,0
702,0,0,0,5,74,75,413,2,1,3,3,4,1,2,2,4,1
696,0,0,0,5,77,77,271,1,1,2,2,4,1,2,2,4,1
695,0,0,2,5,49,51,786,3,1,2,2,4,1,2,2,4,0
692,0,0,0,5,56,56,200,1,1,2,2,4,1,2,2,4,1
691,0,0,0,5,66,66,298,3,1,2,2,4,1,2,2,4,0
694,0,0,0,5,80,84,1658,1,1,2,2,4,1,2,2,4,1
693,0,0,0,5,88,88,143,3,1,2,2,4,1,2,2,4,0
690,0,0,1,5,50,50,229,1,1,2,2,4,1,2,2,4,1
689,0,0,2,5,65,66,551,3,1,2,2,4,1,2,2,4,0
688,0,0,0,5,54,55,371,1,1,2,2,4,1,2,2,4,1
685,0,0,0,5,46,47,428,3,1,2,2,4,1,2,2,4,0
684,0,0,0,5,85,90,3409,1,1,2,2,4,1,2,2,4,1
687,0,0,0,5,71,72,385,3,1,2,2,4,1,2,2,4,0
686,0,0,0,5,79,79,286,1,1,2,2,4,1,2,2,4,1
683,0,0,0,5,46,48,973,3,1,2,2,4,1,2,2,4,0
682,0,0,0,5,68,68,60.445,3,1,2,2,4,1,2,2,4,0
681,0,1,2,5,60,60,1,1,1,2,2,4,1,2,2,4,1
680,0,0,0,5,46,46,352,2,1,2,2,4,1,3,3,0,1
679,0,0,2,5,62,62,215,3,1,3,3,0,1,3,3,0,0
676,0,0,0,5,84,84,210,1,1,3,3,0,1,3,3,0,1
675,0,0,0,5,41,41,272,3,1,3,3,0,1,3,3,0,0
677,0,0,0,5,90,90,51,1,1,3,3,0,1,3,3,0,1
674,0,0,0,5,61,64,1357,3,1,3,3,0,1,3,3,0,0
673,0,0,0,5,62,64,845,1,1,3,3,0,1,3,3,0,1
562,0,0,0,5,61,61,218,3,1,3,3,0,1,3,3,0,0
563,0,0,0,5,54,59,2181,1,1,3,3,0,1,3,3,0,1
561,0,0,0,5,50,50,344,3,1,3,3,0,1,3,3,0,0
560,0,0,0,5,52,52,4,1,1,3,3,0,1,3,3,0,1
559,0,0,0,5,63,63,183,1,1,3,3,0,1,1,1,3,1
570,0,0,0,5,69,71,1004,3,1,1,1,3,1,1,1,3,0
340,0,0,0,5,68,68,354,3,1,1,1,3,1,2,2,4,0
339,0,0,0,5,88,88,213,1,1,2,2,4,1,2,2,4,1
569,0,0,0,5,78,79,525,1,1,2,2,4,1,2,2,4,1
338,0,0,0,5,45,45,29,3,1,2,2,4,1,3,3,0,0
568,0,0,0,5,75,76,457,3,1,3,3,0,1,3,3,0,0
567,0,0,0,5,51,55,1743,3,1,3,3,0,1,3,3,0,0
337,0,0,0,5,37,40,1350,1,1,3,3,0,1,3,3,0,1
336,0,0,0,5,70,74,1559,2,1,3,3,0,1,3,3,0,1
566,0,0,0,5,53,56,1299,3,1,3,3,0,1,3,3,0,0
565,0,0,0,5,41,44,1170,1,1,3,3,0,1,3,3,0,1
334,0,0,0,5,56,58,941,3,1,3,3,0,1,2,2,4,0
564,0,0,0,5,65,66,615,2,1,2,2,4,1,2,2,4,1
335,0,0,2,5,62,62,210,1,1,2,2,4,1,2,2,4,1
670,0,0,0,5,70,73,1416,3,1,2,2,4,1,3,3,0,0
669,0,0,0,5,49,49,360,3,1,3,3,0,1,3,3,0,0
672,0,0,2,5,68,68,7,1,1,3,3,0,1,3,3,0,1
671,0,0,0,5,72,72,19,1,1,3,3,0,1,3,3,0,1
0,0,0,0,5,49,53,1717,3,1,3,3,0,1,3,3,0,0
668,0,0,0,5,59,59,13,3,1,3,3,0,1,3,3,0,0
346,0,0,0,5,41,41,7,1,1,3,3,0,1,3,3,0,1
665,0,0,0,5,49,52,1168,1,1,3,3,0,1,3,3,0,1
664,0,0,0,5,40,40,229,3,1,3,3,0,1,3,3,0,0
667,0,0,0,5,68,68,223,1,1,3,3,0,1,3,3,0,1
666,0,0,0,5,58,58,0,3,1,3,3,0,1,3,3,0,0
345,0,0,0,5,69,69,219,1,1,3,3,0,1,3,3,0,1
663,0,0,0,5,60,66,2495,3,1,3,3,0,1,3,3,0,0
344,0,0,0,5,36,36,146,1,1,3,3,0,1,3,3,0,1
574,0,0,0,5,59,59,64,3,1,3,3,0,1,3,3,0,0
575,0,0,2,5,60,60,127,2,1,3,3,0,1,3,3,0,1
343,0,0,0,5,52,52,140,3,1,3,3,0,1,3,3,0,0
342,0,0,0,5,90,90,109,3,1,3,3,0,1,3,3,0,0
572,0,0,2,5,37,38,456,2,1,3,3,0,1,3,3,0,1
573,0,0,0,5,64,68,1467,3,1,3,3,0,1,3,3,0,0
341,0,0,0,5,55,56,692,1,1,3,3,0,1,3,3,0,1
571,0,0,0,5,68,68,10,1,1,3,3,0,1,3,3,0,1
36,0,0,0,5,69,71,745,3,1,3,3,0,1,3,3,0,0
35,0,0,0,5,38,46,3120,3,1,3,3,0,1,3,3,0,0
38,0,0,0,5,50,53,1212,2,1,3,3,0,1,3,3,0,1
37,0,0,2,5,63,69,2359,3,1,3,3,0,1,3,3,0,0
40,0,0,0,5,56,56,284,1,1,3,3,0,1,3,3,0,1
39,0,0,0,5,62,65,1304,1,1,3,3,0,1,3,3,0,1
32,0,0,2,5,51,51,54,3,1,3,3,0,1,1,1,3,0
31,0,0,0,5,83,83,60.445,3,1,1,1,3,1,1,1,3,0
34,0,1,2,5,59,60,516,1,1,1,1,3,1,1,1,3,1
33,0,0,2,5,40,40,106,3,1,1,1,3,1,1,1,3,0
25,0,0,0,5,90,90,13,1,1,1,1,3,1,1,1,3,1
24,0,0,0,5,65,67,834,3,1,1,1,3,1,1,1,3,0
27,0,0,0,5,62,62,60.445,1,1,1,1,3,1,3,3,0,1
26,0,1,2,5,55,59,1550,3,1,3,3,0,1,3,3,0,0
29,0,0,2,5,51,51,304,1,1,3,3,0,1,3,3,0,1
28,0,0,0,5,63,63,14,1,1,3,3,0,1,3,3,0,1
30,0,0,0,5,63,63,297,3,1,3,3,0,1,3,3,0,0
21,0,0,0,5,49,50,558,2,1,3,3,0,1,3,3,0,1
23,0,0,0,5,67,67,0,1,1,3,3,0,1,3,3,0,1
22,0,0,0,5,63,63,31,3,1,3,3,0,1,3,3,0,0
14,0,0,0,5,90,90,243,2,1,3,3,0,1,3,3,0,1
13,0,0,0,5,59,65,2317,1,1,3,3,0,1,3,3,0,1
16,0,0,2,5,75,75,0,3,1,3,3,0,1,3,3,0,0
349,0,0,0,5,66,67,579,3,1,3,3,0,1,2,2,4,0
15,0,0,0,5,85,86,371,1,1,2,2,4,1,3,3,0,1
18,0,0,0,5,89,89,30,3,1,3,3,0,1,3,3,0,0
350,0,0,0,5,74,74,81,1,1,3,3,0,1,3,3,0,1
17,0,0,0,5,77,77,256,2,1,3,3,0,1,3,3,0,1
20,0,0,0,5,58,63,1896,1,1,3,3,0,1,3,3,0,1
19,0,0,0,5,39,42,1437,3,1,3,3,0,1,3,3,0,0
12,0,0,0,5,54,54,21,1,1,3,3,0,1,3,3,0,1
11,0,0,0,5,71,72,372,3,1,3,3,0,1,2,2,4,0
10,0,0,0,5,82,82,14,3,1,2,2,4,1,2,2,4,0
3,0,0,0,5,44,47,1124,1,1,2,2,4,1,2,2,4,1
2,1,0,0,5,45,47,746,1,1,2,2,4,1,2,2,4,1
5,0,0,0,5,62,62,0,3,1,2,2,4,1,2,2,4,0
4,0,0,0,5,62,62,187,1,1,2,2,4,1,2,2,4,1
7,0,0,0,5,52,52,30,3,1,2,2,4,1,2,2,4,0
6,0,0,0,5,80,80,0,3,1,2,2,4,1,2,2,4,0
9,0,0,0,5,30,31,713,1,1,2,2,4,1,2,2,4,1
8,0,0,0,5,48,48,50,3,1,2,2,4,1,2,2,4,0
348,1,0,0,5,73,73,60.445,1,1,2,2,4,1,2,2,4,1
347,0,1,2,5,59,60,644,3,1,2,2,4,1,2,2,4,0
1,0,0,0,5,78,82,1519,1,1,2,2,4,1,2,2,4,1
45,0,0,0,5,76,76,304,1,1,2,2,4,1,2,2,4,1
46,0,0,1,5,54,57,1117,3,1,2,2,4,1,2,2,4,0
47,0,0,0,5,71,71,0,3,1,2,2,4,1,2,2,4,0
41,0,0,0,5,66,66,10,1,1,2,2,4,1,2,2,4,1
43,0,0,0,5,57,61,1574,3,1,2,2,4,1,3,3,4,0
42,0,0,2,5,47,47,360,2,1,3,3,4,1,3,3,4,1
44,0,0,0,5,74,74,6,1,1,3,3,4,1,3,3,4,1
576,0,0,0,5,54,55,441,3,1,3,3,4,1,3,3,4,0
662,0,0,0,5,47,47,60.445,1,1,3,3,4,1,3,3,4,1
583,0,1,2,5,66,70,1642,3,1,3,3,4,1,3,3,4,0
353,0,0,0,5,44,62,6796,1,1,3,3,4,1,3,3,4,1
352,0,0,1,5,45,48,1277,3,1,3,3,4,1,3,3,4,0
582,0,0,0,5,38,38,258,3,1,3,3,4,1,3,3,4,0
581,0,0,0,5,57,57,218,1,1,3,3,4,1,3,3,4,1
351,0,0,0,5,41,41,198,1,1,3,3,4,1,3,3,4,1
579,0,0,0,5,26,32,2221,3,1,3,3,4,1,3,3,4,0
580,0,0,2,5,29,37,2923,3,1,3,3,4,1,3,3,4,0
577,0,0,0,5,54,58,1684,1,1,3,3,4,1,3,3,4,1
578,0,0,2,5,62,62,287,3,1,3,3,4,1,1,1,3,0
360,0,0,0,5,69,69,9,1,1,1,1,3,1,1,1,3,1
57,0,0,2,5,78,81,1172,3,1,1,1,3,1,1,1,3,0
58,0,0,0,5,59,62,1319,1,1,1,1,3,1,1,1,3,1
590,0,0,0,5,60,62,868,3,1,1,1,3,1,3,3,4,0
589,0,0,0,5,54,54,60.445,1,1,3,3,4,1,3,3,1,1
56,0,1,2,5,38,38,60.445,1,1,3,3,1,1,3,3,1,1
359,0,1,2,5,62,62,60.445,3,1,3,3,1,1,3,3,1,0
358,0,1,2,5,62,62,201,3,1,3,3,1,1,3,3,1,0
588,0,0,0,5,52,52,14,3,1,3,3,1,1,3,3,1,0
54,0,0,0,5,51,51,172,1,1,3,3,1,1,3,3,1,1
55,0,0,0,5,56,56,141,3,1,3,3,1,1,2,2,4,0
587,0,0,0,5,66,66,60.445,2,1,2,2,4,1,2,2,4,1
52,0,1,2,5,53,56,1309,1,1,2,2,4,1,2,2,4,1
53,0,0,0,5,47,51,1732,3,1,2,2,4,1,2,2,4,0
357,0,0,0,5,40,40,85,3,1,2,2,4,1,2,2,4,0
49,0,0,2,5,39,39,321,1,1,2,2,4,1,2,2,4,1
356,0,0,0,5,49,50,423,3,1,2,2,4,1,2,2,4,0
50,0,0,0,5,53,53,7,1,1,2,2,4,1,2,2,4,1
51,0,0,0,5,63,63,23,1,1,2,2,4,1,2,2,4,1
586,0,0,0,5,53,56,1203,3,1,2,2,4,1,2,2,4,0
48,0,0,0,5,74,83,3374,3,1,2,2,4,1,2,2,4,0
354,0,0,0,5,40,41,518,1,1,2,2,4,1,2,2,4,1
355,0,0,0,5,76,78,786,3,1,2,2,4,1,2,2,4,0
585,0,0,0,5,38,38,2,1,1,2,2,4,1,2,2,4,1
584,0,0,0,5,73,75,1014,2,1,2,2,4,1,2,2,3,1
366,0,0,0,5,44,44,60.445,3,1,2,2,3,1,2,2,3,0
70,0,1,2,5,51,57,2298,1,1,2,2,3,1,2,2,3,1
71,0,0,0,5,54,54,60.445,2,1,2,2,3,1,2,2,3,1
69,0,1,2,6,47,54,2755,3,1,2,2,3,1,2,2,3,0
66,0,0,0,5,66,66,171,2,1,2,2,3,1,2,2,3,1
364,0,0,0,5,55,57,806,3,1,2,2,3,1,2,2,3,0
67,0,0,0,5,62,64,948,1,1,2,2,3,1,2,2,3,1
365,0,0,0,5,45,46,502,3,1,2,2,3,1,2,2,3,0
68,0,0,0,5,66,66,182,1,1,2,2,3,1,2,2,3,1
65,0,0,0,5,43,49,2521,1,1,2,2,3,1,2,2,3,1
62,0,0,2,5,54,58,1463,3,1,2,2,3,1,2,2,3,0
63,0,0,0,5,51,51,60.445,3,1,2,2,3,1,2,2,3,0
362,0,1,2,5,45,48,1180,1,1,2,2,3,1,2,2,3,1
363,0,0,0,5,74,74,0,2,1,2,2,3,1,2,2,3,1
64,0,0,0,5,84,88,1519,1,1,2,2,3,1,2,2,3,1
61,1,0,0,5,59,60,375,3,1,2,2,3,1,2,2,3,0
59,0,0,0,5,68,68,38,1,1,2,2,3,1,3,3,0,1
361,0,0,0,5,71,71,60.445,3,1,3,3,0,1,3,3,0,0
591,0,1,2,5,54,56,854,1,1,3,3,0,1,2,2,4,1
60,0,0,0,5,59,63,1492,3,1,2,2,4,1,2,2,4,0
78,0,0,0,5,80,80,116,2,1,2,2,4,1,2,2,4,1
79,0,0,0,5,46,46,267,1,1,2,2,4,1,2,2,4,1
77,0,0,0,5,38,38,134,3,1,2,2,4,1,2,2,4,0
75,0,0,0,5,51,52,457,1,1,2,2,4,1,2,2,4,1
76,0,0,0,5,59,59,145,3,1,2,2,4,1,2,2,4,0
74,0,0,0,5,56,56,168,1,1,2,2,4,1,2,2,4,1
72,0,0,0,5,41,41,352,3,1,2,2,4,1,2,2,4,0
73,0,0,1,5,50,50,140,1,1,2,2,4,1,4,4,1,1
300,0,0,0,5,50,50,72,3,1,4,4,1,1,4,4,1,0
299,0,0,0,5,43,49,2316,2,1,4,4,1,1,4,4,1,1
298,0,0,2,5,63,64,673,1,1,4,4,1,1,4,4,1,1
297,0,0,0,5,63,63,0,3,1,4,4,1,1,4,4,1,0
296,0,0,2,5,48,57,3359,1,1,4,4,1,1,4,4,1,1
524,0,0,0,5,46,47,550,3,1,4,4,1,1,4,4,1,0
294,0,0,0,5,55,55,60.445,3,1,4,4,1,1,4,4,1,0
295,0,1,2,5,81,81,171,1,1,4,4,1,1,4,4,1,1
523,0,0,0,5,58,58,0,3,1,4,4,1,1,4,4,1,0
847,0,0,0,5,63,63,75,1,1,4,4,1,1,4,4,1,1
838,0,0,0,5,71,71,196,3,1,4,4,1,1,4,4,1,0
846,0,0,0,5,62,62,29,1,1,4,4,1,1,4,4,1,1
529,0,0,2,5,61,61,0,3,0,4,4,1,1,4,4,1,0
853,0,0,0,5,36,42,2365,1,0,4,4,1,1,4,4,1,1
528,0,0,0,5,62,63,485,1,0,4,4,1,1,4,4,1,1
527,0,0,0,5,71,71,151,3,0,4,4,1,1,4,4,1,0
852,0,0,0,5,80,81,545,3,0,4,4,1,1,4,4,1,0
851,0,0,0,5,49,50,620,1,0,4,4,1,1,4,4,1,1
850,0,0,0,5,47,47,316,1,0,4,4,1,1,2,2,4,1
525,0,0,0,5,53,54,365,3,0,2,2,4,1,2,2,4,0
526,0,0,0,5,90,90,60.445,3,0,2,2,4,1,2,2,4,0
849,0,1,2,5,61,61,175,1,0,2,2,4,1,2,2,4,1
848,1,0,0,5,62,62,60.445,1,0,2,2,4,1,2,2,4,1
536,0,1,2,5,71,71,355,3,1,2,2,4,1,2,2,4,0
535,0,0,0,5,40,44,1686,1,1,2,2,4,1,2,2,4,1
858,0,0,0,5,79,82,1363,3,1,2,2,4,1,2,2,4,0
859,0,0,0,5,67,71,1750,1,1,2,2,4,1,2,2,4,1
306,0,0,0,5,60,74,5261,3,1,2,2,4,1,2,2,4,0
305,0,0,0,5,53,58,1966,1,1,2,2,4,1,2,2,4,1
533,0,0,0,5,57,66,3330,3,1,2,2,4,1,3,3,0,0
534,0,0,0,5,74,74,61,3,1,3,3,0,1,3,3,0,0
857,0,0,0,5,56,56,16,2,1,3,3,0,1,3,3,0,1
304,0,0,0,5,49,52,1218,3,1,3,3,0,1,3,3,0,0
303,0,0,2,5,76,76,304,1,1,3,3,0,1,3,3,1,1
856,0,0,2,5,61,62,580,3,1,3,3,1,1,3,3,1,0
855,0,0,0,5,60,60,60.445,2,1,3,3,1,1,3,3,1,1
532,0,1,2,5,45,47,943,1,1,3,3,1,1,3,3,1,1
302,0,0,1,5,39,46,2850,3,1,3,3,1,1,3,3,1,0
531,0,0,0,5,58,64,2352,1,1,3,3,1,1,2,2,4,1
301,0,0,0,5,36,36,60.445,3,1,2,2,4,1,2,2,4,0
854,0,1,2,5,62,62,148,3,1,2,2,4,1,2,2,4,0
530,0,0,0,5,58,59,518,1,1,2,2,4,1,2,2,4,1
313,0,0,0,5,53,55,764,2,1,2,2,4,1,2,2,4,1
312,0,0,0,5,68,68,35,3,1,2,2,4,1,2,2,4,0
311,0,0,0,5,53,55,876,1,1,2,2,4,0,0,0,1,1
541,0,0,0,5,63,63,84,3,0,0,0,1,0,0,0,1,0
540,0,0,0,5,56,56,1,1,0,0,0,1,0,0,0,1,1
310,0,0,0,5,26,31,2082,1,0,0,0,1,0,0,0,1,1
309,0,0,0,5,81,81,61,3,0,0,0,1,1,3,3,0,0
539,0,0,2,3,60,61,396,3,1,3,3,0,0,0,0,0,0
538,0,0,0,5,70,70,60.445,1,0,0,0,0,0,0,0,0,1
537,0,1,2,5,61,61,229,1,0,0,0,0,0,0,0,0,1
307,0,0,0,5,43,45,1034,3,0,0,0,0,1,4,4,3,0
308,0,0,0,5,61,61,10,1,1,4,4,3,1,4,4,3,1
316,0,0,0,5,54,58,1512,3,0,4,4,3,1,4,4,3,0
315,0,0,0,5,46,47,633,3,0,4,4,3,1,4,4,3,0
314,0,0,2,5,59,59,4,1,0,4,4,3,1,4,4,3,1
543,0,0,0,5,71,71,22,3,0,4,4,3,1,4,4,3,0
542,0,0,0,5,68,68,10,1,0,4,4,3,1,2,2,4,1
549,0,0,0,5,50,50,140,3,0,2,2,4,1,2,2,4,0
320,0,0,0,5,45,47,755,1,0,2,2,4,1,2,2,4,1
319,0,0,0,5,51,53,743,3,0,2,2,4,1,2,2,4,0
318,0,0,0,5,73,74,396,1,0,2,2,4,1,2,2,4,1
548,0,0,0,5,90,90,81,3,0,2,2,4,1,2,2,4,0
317,0,0,0,5,85,85,81,1,0,2,2,4,1,3,3,1,1
547,0,0,0,5,54,57,1374,3,0,3,3,1,1,3,3,1,0
546,0,0,0,5,64,65,469,1,0,3,3,1,1,3,3,1,1
545,0,0,0,5,64,64,330,3,1,3,3,1,1,3,3,1,0
544,0,0,0,5,87,87,60.445,1,1,3,3,1,1,3,3,1,1
555,0,1,2,5,80,80,60.445,1,1,3,3,1,1,3,3,1,1
556,0,1,2,5,79,80,487,3,1,3,3,1,1,3,3,1,0
326,0,0,0,5,50,53,1236,1,1,3,3,1,1,3,3,1,1
325,0,0,2,5,41,43,886,3,1,3,3,1,1,3,3,1,0
324,0,0,0,5,84,84,230,1,1,3,3,1,1,3,3,1,1
554,0,0,0,5,46,46,30,3,1,3,3,1,1,2,2,3,0
553,0,0,0,5,67,69,917,3,1,2,2,3,1,2,2,3,0
323,0,0,0,5,71,71,261,1,1,2,2,3,1,2,2,4,1
322,0,0,0,5,41,42,607,3,1,2,2,4,1,2,2,4,0
552,0,0,0,5,64,64,13,1,1,2,2,4,1,2,2,4,1
321,0,0,0,5,40,40,21,1,1,2,2,4,1,2,2,4,1
551,0,0,0,5,62,62,0,3,1,2,2,4,1,2,2,4,0
550,0,0,0,5,59,59,238,3,1,2,2,4,1,2,2,4,0
333,0,0,0,5,65,69,1542,1,1,2,2,4,1,2,2,4,1
332,0,0,0,5,52,57,1883,2,1,2,2,4,1,2,2,4,1
331,0,0,0,5,80,81,396,3,1,2,2,4,1,2,2,4,0
329,0,0,0,5,45,49,1746,1,1,2,2,4,1,2,2,4,1
330,0,0,2,5,52,52,168,1,1,2,2,4,1,2,2,4,1
327,0,0,0,5,45,45,16,3,1,2,2,4,1,2,2,4,0
557,0,0,0,5,73,75,756,3,1,2,2,4,1,2,2,4,0
328,0,0,0,5,59,60,635,1,1,2,2,4,1,2,2,4,1
558,0,0,0,5,84,85,365,3,1,2,2,4,1,2,2,4,0
489,0,0,0,5,67,67,0,1,1,2,2,4,1,2,2,4,1
210,0,0,0,5,41,44,1162,1,1,2,2,4,1,2,2,4,1
488,0,0,0,5,65,65,167,3,1,2,2,4,1,2,2,4,0
487,0,0,0,5,56,59,1172,3,1,2,2,4,1,2,2,3,0
208,0,0,0,5,38,43,1991,1,1,2,2,3,1,2,2,3,1
209,0,0,2,5,56,58,782,3,1,2,2,3,1,2,2,3,0
486,0,0,0,5,70,71,608,1,1,2,2,3,1,2,2,3,1
805,0,0,0,5,55,55,15,1,1,2,2,3,1,2,2,4,1
206,0,0,0,5,68,68,60.445,3,1,2,2,4,1,2,2,4,0
485,0,1,2,5,54,58,1623,1,1,2,2,4,1,2,2,4,1
207,0,0,0,5,58,58,34,3,1,2,2,4,1,2,2,4,0
483,0,0,0,5,64,64,274,1,1,2,2,4,1,1,1,3,1
803,0,0,0,5,69,69,31,3,1,1,1,3,1,1,1,3,0
484,0,0,2,5,47,52,1881,1,1,1,1,3,1,1,1,3,1
804,0,0,0,5,66,66,235,3,1,1,1,3,1,1,1,3,0
205,0,0,0,5,67,69,852,2,1,1,1,3,1,1,1,3,1
204,0,0,0,5,49,49,19,3,1,1,1,3,1,2,2,4,0
216,0,0,0,5,61,61,60.445,1,1,2,2,4,1,2,2,4,1
217,0,1,2,5,82,84,747,1,1,2,2,4,1,2,2,4,1
215,0,0,0,5,50,50,60.445,3,1,2,2,4,1,2,2,4,0
214,0,1,2,5,52,54,1015,3,1,2,2,4,1,2,2,4,0
213,0,0,0,5,48,48,248,1,1,2,2,4,1,2,2,4,1
212,0,0,0,5,40,44,1471,3,1,2,2,4,1,2,2,4,0
490,0,0,0,5,58,58,31,1,1,2,2,4,1,2,2,4,1
211,0,0,0,5,57,58,580,1,1,2,2,4,1,2,2,4,1
808,0,0,0,5,70,73,1286,3,1,2,2,4,1,2,2,4,0
809,0,0,0,5,43,48,1948,1,1,2,2,4,1,3,3,1,1
807,0,0,0,5,74,76,956,3,1,3,3,1,1,3,3,1,0
806,0,0,0,5,40,40,60.445,1,1,3,3,1,1,3,3,1,1
495,0,1,2,5,56,56,2,3,1,3,3,1,1,3,3,1,0
815,0,0,0,5,55,55,326,1,1,3,3,1,1,3,3,1,1
814,0,0,0,5,42,47,1994,3,1,3,3,1,1,3,3,1,0
494,0,0,0,5,48,48,60.445,1,1,3,3,1,1,3,3,1,1
813,0,1,2,2,55,55,10,3,1,3,3,1,1,2,2,3,0
493,0,0,2,5,72,72,265,2,1,2,2,3,1,2,2,3,1
492,0,0,0,5,61,61,0,3,1,2,2,3,1,2,2,3,0
812,0,0,0,5,53,53,60.445,1,1,2,2,3,1,2,2,3,1
491,0,1,2,5,55,55,10,1,1,2,2,3,1,2,2,3,1
811,0,0,0,5,47,49,867,3,1,2,2,3,1,2,2,3,0
810,0,0,0,5,78,78,14,1,1,2,2,3,1,2,2,3,1
502,0,0,2,5,48,49,487,3,1,2,2,3,1,2,2,3,0
822,0,0,0,5,34,34,0,1,1,2,2,3,1,2,2,3,1
821,0,0,0,5,56,56,0,3,1,2,2,3,1,3,3,0,0
223,0,0,0,5,48,48,29,3,1,3,3,0,1,3,3,0,0
224,0,0,0,5,46,46,196,1,1,3,3,0,1,3,3,0,1
500,0,0,0,5,61,62,434,3,1,3,3,0,1,3,3,0,0
221,0,0,2,5,34,40,2442,1,1,3,3,0,1,3,3,0,1
501,0,0,0,5,50,55,1918,1,1,3,3,0,1,3,3,0,1
820,0,0,0,5,47,47,0,3,1,3,3,0,1,3,3,0,0
222,0,0,0,5,71,76,1918,1,1,3,3,0,1,2,2,4,1
819,0,0,0,5,73,73,243,3,1,2,2,4,1,2,2,4,0
499,0,0,1,5,47,47,119,1,1,2,2,4,1,2,2,4,1
498,0,0,0,5,64,69,2053,3,1,2,2,4,1,2,2,4,0
818,0,0,0,5,69,70,461,1,1,2,2,4,1,2,2,4,1
220,0,0,0,5,55,55,10,3,1,2,2,4,1,2,2,4,0
219,0,0,0,5,68,68,60.445,1,1,2,2,4,1,2,2,4,1
816,0,1,2,5,53,56,1405,3,1,2,2,4,1,2,2,4,0
496,0,0,0,5,64,67,1172,3,1,2,2,4,1,2,2,4,0
817,0,0,2,5,46,46,239,1,1,2,2,4,1,2,2,4,1
497,0,0,0,5,75,78,1266,3,1,2,2,4,1,3,3,0,0
218,0,0,0,5,87,87,21,1,1,3,3,0,1,3,3,0,1
231,0,0,0,5,44,45,411,2,1,3,3,0,1,3,3,0,1
230,0,0,0,5,51,66,5749,3,1,3,3,0,1,3,3,0,0
229,0,0,0,5,78,78,60.445,3,1,3,3,0,1,3,3,0,0
507,0,1,2,5,37,42,1827,1,1,3,3,0,1,3,3,0,1
227,0,0,0,5,78,78,60.445,3,1,3,3,0,1,3,3,0,0
228,0,1,2,5,42,44,736,1,1,3,3,0,1,3,3,0,1
506,0,0,0,5,61,78,6435,1,1,3,3,0,1,3,3,0,1
505,0,0,0,5,56,56,107,3,1,3,3,0,1,3,3,0,0
504,0,0,0,5,70,70,123,3,1,3,3,0,1,3,3,1,0
225,0,0,0,5,46,46,60.445,1,1,3,3,1,1,3,3,1,1
226,0,1,2,5,79,81,733,3,1,3,3,1,1,3,3,1,0
503,0,0,0,5,56,59,1224,1,1,3,3,1,1,3,3,1,1
274,0,0,0,5,64,64,210,1,1,3,3,1,1,3,3,1,1
234,0,0,0,5,89,90,396,3,1,3,3,1,1,3,3,1,0
233,0,0,0,5,49,49,126,3,1,3,3,1,1,3,3,1,0
232,0,0,0,5,66,69,1148,2,1,3,3,1,1,3,3,1,1
828,0,0,0,5,69,72,1247,3,1,3,3,1,1,3,3,0,0
509,0,0,0,5,31,31,60.445,1,1,3,3,0,1,3,3,0,1
827,0,1,2,5,55,55,363,3,1,3,3,0,1,3,3,0,0
508,0,0,0,5,74,74,0,1,1,3,3,0,1,3,3,0,1
826,0,0,0,5,60,62,974,3,1,3,3,0,1,3,3,0,0
825,0,0,0,5,69,69,60.445,1,1,3,3,0,1,3,3,0,1
824,0,1,2,5,52,52,43,3,1,3,3,0,1,3,3,0,0
823,0,0,0,5,66,68,905,1,1,3,3,0,1,3,3,0,1
835,0,0,0,5,29,32,1455,3,1,3,3,0,1,3,3,0,0
277,0,0,0,5,53,55,748,1,1,3,3,0,1,3,3,0,1
516,0,0,0,5,62,63,395,1,1,3,3,0,1,3,3,0,1
276,0,0,0,5,66,68,791,3,1,3,3,0,1,3,3,1,0
834,0,0,0,5,82,82,273,3,1,3,3,1,1,2,2,4,0
515,0,0,0,5,79,82,1163,1,1,2,2,4,1,2,2,4,1
514,0,0,0,5,57,61,1707,3,1,2,2,4,1,2,2,4,0
513,0,0,0,5,69,69,11,1,1,2,2,4,1,2,2,4,1
832,0,0,0,5,59,59,170,1,1,2,2,4,1,2,2,4,1
833,0,0,0,5,62,62,27,3,1,2,2,4,1,2,2,4,0
275,0,0,2,5,49,54,2009,1,1,2,2,4,1,2,2,4,1
512,0,0,2,5,48,63,5677,3,1,2,2,4,1,2,2,4,0
831,0,0,0,5,40,50,3872,3,1,2,2,4,1,2,2,4,0
830,0,0,0,5,51,51,106,1,1,2,2,4,1,2,2,4,1
511,0,0,0,5,47,49,804,1,1,2,2,4,1,2,2,4,1
829,0,0,0,5,77,83,2513,3,1,2,2,4,1,2,2,4,0
510,0,0,0,5,41,42,585,3,1,2,2,4,1,2,2,4,0
292,0,0,0,5,64,65,640,1,1,2,2,4,1,2,2,4,1
522,0,0,0,5,63,68,1903,1,1,2,2,4,1,2,2,4,1
293,0,0,0,5,47,48,554,3,1,2,2,4,1,2,2,4,0
520,0,0,0,5,54,56,1085,2,1,2,2,4,1,2,2,4,1
521,0,0,0,5,53,57,1730,1,1,2,2,4,1,2,2,3,1
291,0,0,2,5,50,52,974,3,1,2,2,3,1,2,2,3,0
290,0,0,0,5,50,50,60.445,1,1,2,2,3,1,2,2,3,1
837,0,1,2,5,64,64,23,3,1,2,2,3,1,3,3,1,0
280,0,0,0,5,62,62,60.445,3,1,3,3,1,1,3,3,1,0
519,0,1,2,5,36,36,155,1,1,3,3,1,1,3,3,0,1
518,0,0,0,5,48,48,76,1,0,3,3,0,1,3,3,0,1
279,0,0,0,5,58,58,52,3,0,3,3,0,1,3,3,0,0
278,0,0,0,5,43,43,217,3,0,3,3,0,1,3,3,0,0
836,0,0,0,5,74,74,47,2,0,3,3,0,1,3,3,0,1
517,0,0,0,5,68,70,912,3,0,3,3,0,1,3,3,0,0
448,0,0,0,5,41,46,1870,1,0,3,3,0,1,3,3,0,1
769,0,0,0,5,38,38,42,1,0,3,3,0,1,3,3,0,1
768,0,0,0,5,71,72,580,3,0,3,3,0,1,3,3,0,0
447,0,0,0,5,60,61,392,3,0,3,3,0,1,3,3,0,0
446,0,0,0,5,88,88,60.445,1,0,3,3,0,1,3,3,0,1
1035,0,1,2,5,74,76,911,1,0,3,3,0,1,3,3,0,1
767,0,0,0,5,41,43,972,3,0,3,3,0,1,3,3,0,0
766,0,0,0,5,53,53,118,2,0,3,3,0,1,3,3,0,1
765,0,0,0,5,45,48,1361,3,0,3,3,0,1,3,3,0,0
444,0,0,0,5,57,57,60.445,1,1,3,3,0,1,3,3,0,1
445,0,1,2,5,62,62,57,1,1,3,3,0,1,3,3,0,1
1034,0,0,0,5,75,75,0,3,1,3,3,0,1,3,3,0,0
1033,0,0,0,5,56,57,588,3,1,3,3,0,1,3,3,0,0
764,0,0,1,5,47,50,1325,1,1,3,3,0,1,3,3,0,1
763,0,0,0,5,88,88,60.445,3,1,3,3,0,1,3,3,0,0
1032,0,1,2,5,89,89,60.445,1,1,3,3,0,1,3,3,0,1
442,0,1,2,5,62,68,2393,1,1,3,3,0,1,3,3,0,1
443,0,0,0,5,84,86,1006,3,1,3,3,0,1,3,3,0,0
455,0,0,0,5,78,78,2,3,1,3,3,0,1,3,3,0,0
454,0,0,0,5,62,62,60.445,1,1,3,3,0,1,3,3,0,1
453,0,1,2,5,38,38,0,3,1,3,3,0,1,3,3,0,0
452,0,0,0,5,62,62,328,1,1,3,3,0,1,3,3,0,1
772,0,0,0,5,82,82,60.445,3,1,3,3,0,1,3,3,0,0
771,0,1,2,5,59,60,463,1,1,3,3,0,1,3,3,0,1
451,0,0,0,5,48,48,253,3,1,3,3,0,1,3,3,0,0
770,0,0,0,5,69,71,863,1,1,3,3,0,1,3,3,0,1
450,0,0,0,5,72,72,60.445,3,1,3,3,0,1,3,3,0,0
449,0,1,2,5,62,65,1270,2,1,3,3,0,1,3,3,0,1
456,0,0,0,5,59,63,1645,1,1,3,3,0,1,3,3,0,1
1037,0,0,1,5,78,79,620,3,1,3,3,0,1,3,3,0,0
1036,0,0,0,5,80,80,60.445,1,1,3,3,0,1,3,3,0,1
775,0,1,2,5,67,69,748,3,1,3,3,0,1,3,3,0,0
1042,0,0,0,5,47,47,26,1,1,3,3,0,1,3,3,0,1
1041,0,0,0,5,65,65,267,3,1,3,3,0,1,3,3,0,0
774,0,0,0,5,52,52,264,3,1,3,3,0,1,2,2,4,0
773,0,0,0,5,70,70,259,1,1,2,2,4,1,2,2,4,1
1040,0,0,0,5,50,50,60.445,3,1,2,2,4,1,3,3,4,0
1039,0,1,2,5,66,66,29,1,1,3,3,4,1,3,3,4,1
1038,0,0,0,5,84,84,45,3,1,3,3,4,1,3,3,4,0
1048,0,0,2,5,61,64,1256,1,1,3,3,4,1,3,3,4,1
461,0,0,1,5,61,61,9,1,1,3,3,4,1,3,3,4,1
781,0,0,0,5,42,43,428,3,1,3,3,4,1,3,3,4,0
462,0,0,0,5,49,49,60.445,3,1,3,3,4,1,3,3,4,0
782,0,1,2,5,42,45,1187,1,1,3,3,4,1,3,3,4,1
460,0,0,0,5,54,55,518,2,1,3,3,4,1,2,2,4,1
1047,0,0,0,5,38,38,282,1,1,2,2,4,1,2,2,4,1
780,0,0,0,5,62,63,373,3,0,2,2,4,1,2,2,4,0
1046,0,0,0,5,72,72,13,2,0,2,2,4,1,2,2,4,1
459,0,0,0,5,72,74,743,1,0,2,2,4,1,2,2,4,1
779,0,0,0,5,62,62,60.445,3,0,2,2,4,1,2,2,4,0
1045,0,1,2,5,46,50,1620,3,0,2,2,4,1,2,2,4,0
457,0,0,2,5,37,38,498,1,0,2,2,4,1,3,3,0,1
458,0,0,0,5,64,67,1103,3,0,3,3,0,1,3,3,0,0
778,0,0,2,5,56,56,60.445,1,0,3,3,0,1,3,3,0,1
777,0,1,2,5,73,73,167,3,0,3,3,0,1,3,3,0,0
1044,0,0,2,5,58,58,60.445,1,0,3,3,0,1,3,3,0,1
776,0,1,2,5,41,41,5,1,0,3,3,0,1,3,3,0,1
1043,0,0,0,5,42,46,1733,3,0,3,3,0,1,3,3,0,0
469,0,0,0,5,54,54,274,1,0,3,3,0,1,3,3,0,1
789,0,0,0,5,51,69,6719,3,0,3,3,0,1,3,3,0,0
468,0,0,0,5,68,68,334,1,1,3,3,0,1,3,3,0,1
788,0,0,0,5,47,47,26,3,1,3,3,0,1,3,3,4,0
787,0,0,2,5,61,75,5396,1,1,3,3,4,1,3,3,4,1
467,0,0,0,5,70,70,0,3,1,3,3,4,1,3,3,4,0
466,0,0,0,5,50,53,1271,1,1,3,3,4,1,3,3,4,1
786,0,0,0,5,71,72,421,3,1,3,3,4,1,3,3,4,0
785,0,0,0,5,65,66,577,1,1,3,3,4,1,3,3,0,1
465,0,0,0,5,46,49,1149,3,1,3,3,0,1,3,3,0,0
464,0,0,0,5,53,53,317,1,1,3,3,0,1,3,3,0,1
463,0,0,0,5,79,82,1125,3,1,3,3,0,1,3,3,0,0
783,0,0,0,5,46,62,5909,3,1,3,3,0,1,3,3,0,0
784,0,0,1,5,37,37,0,1,1,3,3,0,1,3,3,0,1
1050,0,0,0,5,54,56,829,1,1,3,3,0,1,2,2,0,1
1049,0,0,0,5,46,48,774,3,1,2,2,0,1,2,2,0,0
474,0,0,0,5,48,48,60.445,1,1,2,2,0,1,2,2,0,1
473,0,1,2,5,77,77,105,3,1,2,2,0,1,2,2,0,0
472,0,0,0,5,51,51,19,1,1,2,2,0,1,3,3,1,1
471,0,0,0,5,55,55,191,3,1,3,3,1,1,3,3,1,0
470,0,0,0,5,58,59,549,3,1,3,3,1,1,3,3,1,0
1054,0,0,0,5,49,50,380,1,1,3,3,1,1,3,3,1,1
1053,0,0,2,5,61,61,193,3,1,3,3,1,1,2,2,4,0
1052,0,0,0,5,47,48,396,1,1,2,2,4,1,2,2,4,1
1051,0,0,0,5,65,66,608,3,1,2,2,4,1,2,2,4,0
1059,0,0,0,5,64,71,2830,2,1,2,2,4,1,2,2,0,1
475,0,0,1,5,53,53,136,3,1,2,2,0,1,2,2,0,0
1058,0,0,0,5,52,55,1180,1,1,2,2,0,1,2,2,0,1
795,0,0,0,5,34,34,34,2,1,2,2,0,1,2,2,0,1
794,0,0,0,5,48,48,30,1,1,2,2,0,1,2,2,0,1
793,0,0,0,5,40,41,388,3,1,2,2,0,1,2,2,0,0
1057,0,0,0,5,65,68,1191,3,1,2,2,0,1,2,2,0,0
792,1,0,0,5,46,46,0,1,1,2,2,0,1,2,2,0,1
1056,0,0,0,5,54,55,365,1,1,2,2,0,1,2,2,0,1
791,0,0,0,5,35,35,60.445,3,1,2,2,0,1,2,2,0,0
790,0,1,2,5,57,57,30,3,1,2,2,0,1,2,2,0,0
1055,0,0,0,5,50,50,0,2,1,2,2,0,1,2,2,0,1
802,0,0,0,5,73,74,484,1,1,2,2,0,1,2,2,0,1
203,0,0,0,5,60,60,60.445,3,1,2,2,0,1,2,2,0,0
482,0,1,2,1,59,60,396,1,1,2,2,0,1,2,2,0,1
801,0,0,0,5,61,62,439,3,1,2,2,0,1,2,2,0,0
481,0,0,0,5,58,61,1394,3,1,2,2,0,1,2,2,0,0
202,1,0,0,5,62,62,221,1,1,2,2,0,1,2,2,0,1
201,0,0,0,5,63,63,225,3,1,2,2,0,1,2,2,0,0
1062,0,0,2,5,73,75,943,1,1,2,2,0,1,2,2,0,1
480,0,0,1,5,60,60,22,2,1,2,2,0,1,4,4,3,1
800,0,0,2,5,68,71,1295,1,1,4,4,3,1,4,4,3,1
799,1,0,2,5,51,51,22,3,1,4,4,3,1,4,4,3,0
479,0,0,0,5,57,57,344,3,0,4,4,3,1,4,4,3,0
1061,0,0,2,5,62,62,76,1,0,4,4,3,1,4,4,3,1
798,0,0,0,5,63,63,10,2,0,4,4,3,1,4,4,3,1
478,0,0,2,5,70,70,0,3,0,4,4,3,1,4,4,3,0
797,0,0,0,5,58,61,1286,2,0,4,4,3,1,4,4,3,1
477,0,0,0,5,85,87,853,3,0,4,4,3,1,4,4,3,0
476,0,0,0,5,58,59,464,1,0,4,4,3,1,4,4,3,1
796,0,0,0,5,77,78,365,1,0,4,4,3,1,4,4,3,1
1060,0,0,0,5,61,63,775,3,0,4,4,3,1,3,3,1,0
632,0,0,0,5,66,66,0,1,0,3,3,1,1,3,3,1,1
1001,0,0,0,5,47,51,1464,3,0,3,3,1,1,3,3,1,0
633,0,0,0,5,51,52,397,1,0,3,3,1,1,3,3,1,1
1002,0,0,0,5,64,65,518,3,0,3,3,1,1,3,3,1,0
630,0,0,1,5,70,71,595,1,0,3,3,1,1,3,3,1,1
631,0,0,0,5,34,40,2511,3,0,3,3,1,1,3,3,1,0
1000,0,0,0,5,58,58,11,2,1,3,3,1,1,3,3,1,1
999,0,0,0,5,64,65,418,3,1,3,3,1,1,3,3,1,0
998,0,0,0,5,55,59,1641,1,1,3,3,1,1,3,3,1,1
629,0,0,0,5,51,56,2141,3,1,3,3,1,1,2,2,4,0
628,0,0,0,5,68,68,60.445,3,1,2,2,4,1,2,2,4,0
997,0,1,2,5,35,36,365,1,1,2,2,4,1,3,3,0,1
627,0,0,0,5,35,38,1340,1,1,3,3,0,1,3,3,0,1
639,0,0,0,5,34,34,274,3,1,3,3,0,1,3,3,0,0
1006,0,0,0,5,48,51,1305,3,1,3,3,0,1,3,3,0,0
638,0,0,0,5,77,77,60.445,1,1,3,3,0,1,3,3,0,1
1005,0,1,2,5,45,45,97,1,1,3,3,0,1,3,3,0,1
637,0,0,0,5,67,67,60.445,3,1,3,3,0,1,2,2,0,0
636,0,1,2,5,79,79,54,1,1,2,2,0,1,2,2,0,1
1004,0,0,0,5,69,69,274,3,1,2,2,0,1,2,2,0,0
635,0,0,0,5,59,59,267,1,1,2,2,0,1,2,2,0,1
1003,0,0,0,5,39,39,60.445,3,1,2,2,0,1,2,2,0,0
634,0,1,2,1,50,53,1196,1,1,2,2,0,1,1,1,4,1
643,0,0,0,5,42,42,0,3,1,1,1,4,1,1,1,4,0
642,0,0,0,5,47,47,9,1,1,1,1,4,1,1,1,4,1
641,0,0,0,5,78,80,834,3,1,1,1,4,1,1,1,4,0
640,1,0,0,5,78,78,167,1,1,1,1,4,1,3,3,0,1
1007,0,0,0,5,46,49,1138,3,1,3,3,0,1,3,3,0,0
646,0,0,2,5,80,80,217,3,1,3,3,0,1,3,3,0,0
645,0,0,0,5,61,61,315,2,1,3,3,0,1,3,3,0,1
1013,0,0,0,5,51,51,210,1,1,3,3,0,1,3,3,0,1
1014,0,0,2,5,62,62,19,3,1,3,3,0,1,3,3,0,0
644,0,0,0,5,54,61,2576,3,1,3,3,0,1,3,3,0,0
1012,0,0,1,5,40,45,1826,2,1,3,3,0,1,3,3,0,1
1011,0,0,0,5,29,29,7,3,1,3,3,0,1,3,3,0,0
1010,0,0,2,5,56,59,1386,1,1,3,3,0,1,3,3,0,1
1009,0,0,0,5,76,76,352,1,1,3,3,0,1,3,3,0,1
1008,0,0,0,5,60,64,1485,3,1,3,3,0,1,3,3,0,0
426,0,0,0,5,36,41,2134,3,1,3,3,0,1,3,3,0,0
652,0,0,2,5,50,50,210,1,1,3,3,0,1,3,3,0,1
653,0,0,2,5,64,64,60.445,3,0,3,3,0,1,3,3,0,0
1020,0,1,2,5,40,40,60.445,2,0,3,3,0,1,3,3,0,1
1019,0,1,2,5,48,48,0,3,0,3,3,0,1,3,3,0,0
425,0,0,0,5,39,39,326,1,0,3,3,0,1,3,3,0,1
424,0,0,0,5,63,63,1,1,0,3,3,0,1,2,2,4,1
1018,0,0,0,5,45,45,2,3,0,2,2,4,1,2,2,4,0
651,0,0,2,5,62,62,358,1,0,2,2,4,1,2,2,4,1
650,0,0,0,5,63,71,2982,3,0,2,2,4,1,2,2,4,0
422,0,0,0,5,69,69,293,3,0,2,2,4,1,2,2,4,0
1017,0,0,0,5,55,58,1121,1,0,2,2,4,1,2,2,4,1
423,0,0,1,5,36,36,346,3,0,2,2,4,1,2,2,4,0
649,0,0,1,5,78,78,60.445,3,0,2,2,4,1,2,2,4,0
1016,0,1,2,5,66,74,3153,1,1,2,2,4,1,2,2,4,1
648,0,0,0,5,59,59,0,2,1,2,2,4,1,2,2,0,1
1015,0,0,0,5,51,53,850,3,1,2,2,0,1,2,2,0,0
647,0,0,0,5,66,75,3350,1,1,2,2,0,1,2,2,0,1
433,0,0,0,5,81,81,121,3,1,2,2,0,1,2,2,0,0
432,0,0,0,5,52,54,1001,1,1,2,2,0,1,2,2,0,1
659,0,0,0,5,80,80,273,1,1,2,2,0,1,2,2,0,1
658,0,0,2,5,38,38,60.445,3,1,2,2,0,1,2,2,0,0
431,0,1,2,5,35,36,688,1,1,2,2,0,1,2,2,4,1
657,0,0,0,5,67,67,302,3,1,2,2,4,1,2,2,4,0
656,0,0,0,5,61,61,252,3,1,2,2,4,1,2,2,4,0
430,0,0,0,5,65,74,3333,1,1,2,2,4,1,4,4,0,1
429,0,0,2,5,76,76,330,3,1,4,4,0,1,4,4,0,0
655,0,0,0,5,62,67,1950,1,1,4,4,0,1,4,4,0,1
1021,0,0,0,5,48,50,987,2,1,4,4,0,1,4,4,0,1
654,0,0,0,5,77,77,242,3,1,4,4,0,1,4,4,0,0
428,1,0,0,5,46,49,1330,1,1,4,4,0,1,4,4,0,1
427,0,0,0,5,69,69,177,1,1,4,4,0,1,4,4,0,1
439,0,0,0,5,75,78,1249,3,1,4,4,0,1,4,4,0,0
438,0,0,0,5,56,59,1121,3,1,4,4,0,1,4,4,0,0
436,0,0,0,5,53,53,182,1,1,4,4,0,1,4,4,0,1
437,0,0,2,5,67,68,516,2,1,4,4,0,1,4,4,0,1
434,0,0,0,5,40,41,584,1,1,4,4,0,1,4,4,0,1
435,0,0,0,5,51,54,1374,3,1,4,4,0,1,4,4,0,0
1025,0,0,2,5,81,81,178,1,1,4,4,0,1,4,4,0,1
1024,0,0,0,5,63,64,550,3,1,4,4,0,1,4,4,0,0
1023,0,0,0,5,43,44,562,0,1,4,4,0,1,2,2,0,0
1022,0,0,0,5,61,61,125,1,1,2,2,0,1,2,2,0,1
441,0,0,0,5,44,52,2968,3,1,2,2,0,1,2,2,0,0
440,0,0,0,5,54,56,763,1,1,2,2,0,1,2,2,0,1
761,0,0,1,5,73,79,2298,3,1,2,2,0,1,2,2,0,0
762,0,0,0,5,56,56,242,3,1,2,2,0,1,2,2,0,0
1031,0,0,0,5,43,48,1998,2,1,2,2,0,1,2,2,0,1
1030,0,0,0,5,79,79,208,3,1,2,2,0,1,2,2,0,0
1029,0,0,0,5,62,75,4840,2,1,2,2,0,1,2,2,0,1
747,0,0,2,5,48,48,0,1,1,2,2,0,1,2,2,0,1
713,0,0,0,5,58,59,711,3,1,2,2,0,1,2,2,0,0
1028,0,0,0,5,76,79,1173,1,1,2,2,0,1,2,2,0,1
678,0,0,0,5,70,70,60.445,3,1,2,2,0,1,2,2,0,0
1027,0,1,2,5,45,45,60.445,3,1,2,2,0,1,2,2,0,0
661,0,1,2,5,64,64,124,1,1,2,2,0,1,2,2,0,1
1026,0,0,2,5,47,51,1623,3,1,2,2,0,1,2,2,0,0
660,0,0,2,5,61,68,2877,1,1,2,2,0,1,2,2,0,1
967,0,0,0,5,48,48,69,3,1,2,2,0,1,2,2,0,0
966,0,0,0,5,45,45,160,1,1,2,2,0,1,2,2,0,1
965,0,0,0,5,66,66,114,1,1,2,2,0,1,2,2,0,1
964,0,0,0,5,81,82,608,3,1,2,2,0,1,2,2,0,0
973,0,0,0,5,63,64,404,2,1,2,2,0,1,2,2,0,1
598,0,0,0,5,46,47,448,1,1,2,2,0,1,2,2,0,1
599,0,0,0,5,57,64,2750,3,1,2,2,0,1,2,2,0,0
597,0,0,0,5,48,51,1288,0,1,2,2,0,1,2,2,0,0
972,0,0,1,5,62,62,35,1,1,2,2,0,1,2,2,0,1
596,0,0,0,5,67,67,20,3,1,2,2,0,1,2,2,0,0
971,0,0,0,5,38,38,60.445,1,1,2,2,0,1,2,2,0,1
594,0,1,2,5,50,50,350,3,1,2,2,0,1,2,2,0,0
595,0,0,0,5,37,38,496,3,1,2,2,0,1,2,2,0,0
970,0,0,0,5,56,56,60.445,1,1,2,2,0,1,2,2,0,1
969,0,1,2,5,56,59,1428,3,1,2,2,0,1,2,2,0,0
968,0,0,0,5,49,49,68,2,1,2,2,0,1,2,2,0,1
593,0,0,1,5,55,55,0,3,1,2,2,0,1,3,3,4,0
592,0,0,0,5,57,57,254,2,1,3,3,4,1,2,2,3,1
606,0,0,0,5,50,50,268,1,1,2,2,3,1,2,2,3,1
605,0,0,0,5,32,32,172,3,1,2,2,3,1,2,2,3,0
604,0,0,0,5,83,87,1605,3,1,2,2,3,1,2,2,3,0
603,0,0,0,5,59,62,1120,1,1,2,2,3,1,2,2,3,1
977,0,0,0,5,41,44,1173,1,1,2,2,3,1,2,2,3,1
976,0,0,0,5,76,80,1481,3,1,2,2,3,1,2,2,3,0
602,0,0,0,5,54,54,7,1,1,2,2,3,1,2,2,3,1
975,0,0,0,5,29,29,6,3,1,2,2,3,1,3,3,1,0
601,0,0,0,5,55,55,0,2,1,3,3,1,1,3,3,1,1
600,0,0,0,5,39,46,2721,3,1,3,3,1,1,3,3,1,0
974,0,0,0,5,84,84,31,2,1,3,3,1,1,3,3,1,1
608,0,0,2,5,44,44,196,3,1,3,3,1,1,3,3,1,0
609,0,0,0,5,49,49,7,1,1,3,3,1,1,3,3,1,1
607,0,0,0,5,72,72,65,3,1,3,3,1,1,3,3,1,0
978,0,0,2,5,46,50,1548,2,1,3,3,1,1,2,2,4,1
984,0,0,2,5,51,52,464,3,1,2,2,4,1,2,2,4,0
612,0,0,0,5,40,40,0,1,1,2,2,4,1,2,2,4,1
611,0,0,0,5,63,64,396,3,1,2,2,4,1,2,2,4,0
982,0,0,0,5,66,66,0,1,1,2,2,4,1,2,2,4,1
983,0,0,0,5,73,73,8,3,1,2,2,4,1,3,3,0,0
610,0,0,2,5,52,53,477,1,1,3,3,0,1,3,3,0,1
981,0,0,0,5,62,69,2619,3,1,3,3,0,1,2,2,4,0
980,0,0,2,5,43,46,1242,2,0,2,2,4,1,2,2,4,1
979,0,0,0,5,57,59,859,3,0,2,2,4,1,2,2,4,0
760,0,0,0,5,39,39,220,1,0,2,2,4,1,2,2,4,1
759,0,0,0,5,61,61,20,1,0,2,2,4,1,2,2,4,1
758,0,0,0,5,64,68,1569,3,0,2,2,4,1,2,2,4,0
990,0,0,0,5,45,45,60.445,3,0,2,2,4,1,2,2,4,0
619,0,1,2,5,33,33,19,1,0,2,2,4,1,2,2,4,1
757,0,0,0,5,75,75,30,3,0,2,2,4,1,2,2,4,0
754,0,0,0,5,56,56,185,1,0,2,2,4,1,2,2,4,1
753,0,0,0,5,75,75,309,3,0,2,2,4,1,2,2,4,0
756,0,0,0,5,52,53,429,1,0,2,2,4,1,2,2,4,1
755,0,0,1,5,53,54,379,3,0,2,2,4,1,2,2,4,0
618,0,0,0,5,50,53,1150,1,0,2,2,4,1,2,2,4,1
989,0,0,0,5,54,54,60.445,1,0,2,2,4,1,2,2,4,1
617,0,1,2,5,66,67,380,3,1,2,2,4,1,3,3,1,0
988,0,0,0,5,36,37,714,3,1,3,3,1,1,3,3,1,0
752,0,0,0,5,51,52,665,2,1,3,3,1,1,3,3,1,1
751,1,0,0,5,59,60,413,3,1,3,3,1,1,3,3,1,0
748,0,0,0,5,46,48,982,1,1,3,3,1,1,3,3,1,1
750,0,0,0,5,46,46,268,1,1,3,3,1,1,3,3,1,1
749,0,0,0,5,75,75,210,3,1,3,3,1,1,3,3,1,0
987,0,0,0,5,69,69,60.445,3,1,3,3,1,1,3,3,1,0
615,0,1,2,5,73,73,60.445,1,1,3,3,1,1,3,3,1,1
616,0,1,2,5,59,59,104,3,1,3,3,1,1,3,3,1,0
745,0,0,0,5,44,44,85,1,1,3,3,1,1,3,3,1,1
744,0,0,1,5,47,47,36,3,1,3,3,1,1,3,3,1,0
743,0,0,0,5,68,69,396,1,1,3,3,1,1,3,3,1,1
742,0,0,0,5,63,63,0,3,1,3,3,1,1,3,3,1,0
746,0,0,0,5,44,48,1641,1,1,3,3,1,1,3,3,1,1
739,0,0,0,5,80,89,3324,3,1,3,3,1,1,3,3,1,0
741,0,0,2,5,45,45,168,1,1,3,3,1,1,3,3,1,1
740,0,0,0,5,59,59,337,3,1,3,3,1,1,3,3,1,0
613,0,0,0,5,68,68,60.445,1,1,3,3,1,1,3,3,1,1
986,0,1,2,5,37,37,160,3,1,3,3,1,1,3,3,1,0
614,0,0,0,5,56,56,60.445,1,1,3,3,1,1,3,3,1,1
985,0,1,2,4,56,56,5,3,1,3,3,1,1,3,3,1,0
625,0,0,0,5,65,66,520,1,1,3,3,1,1,3,3,1,1
626,0,0,2,5,42,43,518,3,1,3,3,1,1,3,3,1,0
624,0,0,0,5,75,75,34,1,1,3,3,1,1,3,3,0,1
623,0,0,0,5,77,77,168,1,1,3,3,0,1,3,3,0,1
622,0,0,0,5,42,55,4788,3,1,3,3,0,1,3,3,0,0
621,0,0,0,5,61,62,546,3,1,3,3,0,1,3,3,0,0
620,0,0,0,5,44,44,338,1,1,3,3,0,1,3,3,0,1
991,0,0,0,5,74,74,47,1,1,3,3,0,1,3,3,0,1
737,0,0,2,5,85,85,0,3,1,3,3,0,1,3,3,0,0
736,0,0,0,5,40,42,797,3,1,3,3,0,1,3,3,0,0
738,0,0,0,5,62,62,60.445,1,1,3,3,0,1,3,3,0,1
735,0,1,2,5,72,74,1021,3,1,3,3,0,1,4,4,3,0
734,0,0,0,5,67,67,274,1,1,4,4,3,1,4,4,3,1
732,0,0,2,5,43,45,733,1,1,4,4,3,1,2,2,4,1
731,0,0,0,5,57,57,313,3,1,2,2,4,1,2,2,4,0
733,0,0,0,5,35,35,60.445,1,1,2,2,4,1,2,2,4,1
730,0,1,2,5,65,65,8,3,1,2,2,4,1,2,2,3,0
729,0,0,0,5,49,49,222,1,1,2,2,3,1,2,2,3,1
726,0,0,0,5,51,52,513,3,1,2,2,3,1,2,2,3,0
725,0,0,0,5,63,63,7,1,1,2,2,3,1,2,2,3,1
728,0,0,0,5,66,67,365,3,1,2,2,3,1,2,2,3,0
727,0,0,0,5,70,70,293,1,1,2,2,3,1,2,2,3,1
724,0,0,2,5,61,62,551,3,1,2,2,3,1,2,2,3,0
721,0,0,0,5,51,51,322,2,1,2,2,3,1,2,2,3,1
720,0,0,0,5,66,66,40,3,1,2,2,3,1,2,2,3,0
723,0,0,0,5,63,64,412,2,1,2,2,3,1,2,2,3,1
722,0,0,0,5,47,48,549,3,1,2,2,3,1,2,2,3,0
719,0,0,0,5,77,78,543,1,1,2,2,3,1,2,2,3,1
996,0,0,0,5,83,83,0,1,1,2,2,3,1,2,2,3,1
995,0,0,1,5,40,40,113,3,1,2,2,3,1,2,2,3,0
994,0,0,2,5,43,43,0,1,1,2,2,3,1,1,1,3,1
993,0,0,0,5,80,80,252,3,1,1,1,3,1,1,1,3,0
992,0,0,0,5,58,58,180,3,1,1,1,3,1,2,2,4,0
936,0,0,0,5,44,47,1312,1,1,2,2,4,1,2,2,4,1
911,0,0,0,5,52,54,890,1,1,2,2,4,1,2,2,4,1
910,0,0,0,5,55,55,60.445,3,1,2,2,4,1,2,2,4,0
909,0,1,2,5,69,70,547,3,1,2,2,4,1,2,2,4,0
944,0,0,0,5,65,65,331,1,1,2,2,4,1,2,2,4,1
943,0,0,0,5,65,67,1072,1,1,2,2,4,1,2,2,4,1
942,0,0,2,5,63,63,273,3,1,2,2,4,1,2,2,4,0
941,0,0,0,5,52,52,191,1,1,2,2,4,1,2,2,4,1
940,0,0,0,5,71,71,78,3,1,2,2,4,1,2,2,3,0
939,0,0,0,5,39,42,1409,1,1,2,2,3,1,2,2,3,1
948,0,0,2,5,39,41,827,3,1,2,2,3,1,2,2,3,0
947,0,0,0,5,62,66,1616,1,1,2,2,3,1,2,2,3,1
946,0,0,0,5,43,44,501,3,1,2,2,3,1,2,2,3,0
945,0,0,0,5,72,72,60.445,3,1,2,2,3,1,2,2,3,0
949,0,1,2,2,45,47,1080,1,1,2,2,3,1,2,2,3,1
950,0,0,0,5,34,37,1349,1,1,2,2,3,1,2,2,3,1
956,0,0,0,5,71,71,73,3,1,2,2,3,1,2,2,3,0
955,0,0,0,5,74,75,461,3,1,2,2,3,1,2,2,3,0
954,0,0,0,5,70,70,10,1,1,2,2,3,1,2,2,3,1
953,0,0,0,5,69,69,60.445,3,1,2,2,3,1,2,2,4,0
952,0,1,2,5,34,34,60.445,1,1,2,2,4,1,2,2,4,1
951,0,1,2,5,58,58,10,1,1,2,2,4,1,2,2,4,1
961,0,0,0,5,64,68,1547,3,1,2,2,4,1,2,2,4,0
960,0,0,0,5,58,58,186,1,1,2,2,4,1,2,2,4,1
959,0,0,0,5,54,54,21,3,1,2,2,4,1,2,2,4,0
958,0,0,0,5,70,81,4088,3,1,2,2,4,1,2,2,4,0
957,0,0,0,5,66,66,303,1,0,2,2,4,1,2,2,4,1
962,0,0,0,5,70,72,943,3,0,2,2,4,1,2,2,4,0
963,0,0,0,5,86,86,75,1,0,2,2,4,1,2,2,4,1
1089,0,0,0,5,79,79,96,1,0,2,2,4,1,2,2,4,1
1088,0,0,0,5,65,66,365,3,0,2,2,4,1,2,2,4,0
1092,0,0,0,5,66,66,187,3,0,2,2,4,1,3,3,0,0
1091,0,0,0,5,52,56,1465,3,0,3,3,0,1,3,3,0,0
1090,0,0,2,5,56,57,622,1,0,3,3,0,1,3,3,0,1
883,0,0,0,5,61,62,481,3,0,3,3,0,1,3,3,0,0
901,0,0,0,5,44,44,0,1,0,3,3,0,1,3,3,0,1
900,0,0,0,5,55,55,323,3,0,3,3,0,1,3,3,0,0
899,0,0,0,5,62,64,777,1,0,3,3,0,1,2,2,4,1
898,0,0,0,5,46,46,175,1,0,2,2,4,1,3,3,0,1
897,0,0,0,5,52,53,702,3,0,3,3,0,1,3,3,0,0
896,0,0,0,5,61,63,935,3,0,3,3,0,1,3,3,0,0
907,0,0,0,5,57,57,31,1,0,3,3,0,1,3,3,0,1
906,0,0,0,5,77,77,60.445,3,1,3,3,0,1,3,3,0,0
905,0,1,2,5,59,59,242,1,1,3,3,0,1,3,3,0,1
903,0,0,0,5,47,47,60.445,3,1,3,3,0,1,3,3,1,0
904,0,1,2,5,49,61,4550,2,1,3,3,1,1,3,3,1,1
902,0,0,0,5,62,62,272,3,1,3,3,1,1,3,3,1,0
908,0,0,0,5,54,54,34,1,1,3,3,1,1,3,3,1,1
281,0,0,0,5,76,76,63,1,1,3,3,1,1,3,3,1,1
283,0,0,0,5,63,63,152,3,1,3,3,1,1,3,3,1,0
282,0,0,0,5,75,79,1590,1,1,3,3,1,1,2,2,3,1
289,0,0,0,5,32,34,1010,3,1,2,2,3,1,3,3,0,0
288,0,0,0,5,60,62,952,3,1,3,3,0,1,3,3,0,0
287,0,0,0,5,62,64,760,1,1,3,3,0,1,3,3,0,1
286,0,0,0,5,74,74,9,1,1,3,3,0,1,3,3,0,1
285,0,0,0,5,88,88,0,3,1,3,3,0,1,3,3,0,0
284,0,0,0,5,78,78,326,1,1,3,3,0,1,3,3,0,1
1065,0,0,0,5,34,38,1555,3,1,3,3,0,1,3,3,0,0
1064,0,0,0,5,39,39,239,1,1,3,3,0,1,3,3,0,1
1063,0,0,0,5,59,59,178,3,1,3,3,0,1,3,3,0,0
1070,0,0,0,5,62,62,73,1,1,3,3,0,1,2,2,3,1
1069,0,0,0,5,79,79,244,3,1,2,2,3,1,2,2,3,0
1068,0,0,0,5,80,83,1216,1,1,2,2,3,1,2,2,3,1
1067,0,0,0,5,76,79,1217,3,1,2,2,3,1,2,2,3,0
1066,0,0,0,5,71,72,519,3,1,2,2,3,1,2,2,3,1
1075,0,0,0,5,68,70,943,1,1,2,2,3,1,2,2,3,0
1074,0,0,0,5,46,49,1339,2,1,2,2,3,1,2,2,3,1
1073,0,0,0,5,45,47,761,1,1,2,2,3,1,2,2,3,0
1072,0,0,0,5,83,86,1157,3,1,2,2,3,1,2,2,3,1
1071,0,0,0,5,61,69,3042,3,1,2,2,3,1,2,2,3,0
937,0,0,0,5,46,53,2800,1,1,2,2,3,1,4,4,0,1
938,0,0,0,4,64,64,119,3,1,4,4,0,1,4,4,0,0
933,0,0,0,5,46,46,292,2,1,4,4,0,1,4,4,0,1
934,0,0,0,5,68,68,278,1,1,4,4,0,1,2,2,3,0
935,0,0,0,5,29,29,263,3,1,2,2,3,1,2,2,3,1
926,0,0,0,5,63,63,322,3,1,2,2,3,1,2,2,3,0
927,0,0,0,5,65,65,241,2,1,2,2,3,1,2,2,3,0
928,0,0,0,5,67,67,169,1,1,2,2,3,1,2,2,3,1
929,0,0,0,5,82,82,259,3,1,2,2,3,1,2,2,3,0
930,0,0,0,5,47,47,218,1,1,2,2,3,1,2,2,3,1
931,0,0,0,5,51,51,209,3,1,2,2,3,1,2,2,3,0
932,0,0,0,5,35,35,5,3,1,2,2,3,1,2,2,3,1
922,0,0,1,5,30,30,8,2,1,2,2,3,1,2,2,3,0
923,0,0,1,5,29,29,120,3,1,2,2,3,1,2,2,3,1
924,0,0,0,5,64,64,212,2,1,2,2,3,1,2,2,3,1
925,0,0,0,5,52,52,124,1,1,2,2,3,1,2,2,3,1
916,0,0,1,5,73,73,266,3,1,2,2,3,1,2,2,3,0
917,0,0,0,5,90,90,352,1,1,2,2,3,1,3,3,0,1
918,0,0,0,5,43,44,480,3,1,3,3,0,1,3,3,0,0
919,0,0,0,5,49,49,229,1,1,3,3,0,1,3,3,0,1
920,0,0,0,5,54,54,-7,3,1,3,3,0,1,3,3,0,0
921,0,0,1,5,43,43,51,1,1,3,3,0,1,4,4,1,1
912,0,0,0,5,40,43,1359,3,1,4,4,1,1,4,4,1,0
913,0,0,2,5,69,70,578,3,1,4,4,1,1,2,2,0,0
914,0,0,0,5,90,90,280,1,1,2,2,0,1,2,2,0,1
915,0,0,0,5,73,73,60.445,1,1,2,2,0,1,2,2,0,1
1080,0,1,2,5,44,44,60.445,3,1,2,2,0,1,2,2,0,0
1079,0,1,2,5,74,76,838,1,1,2,2,0,1,2,2,0,1
1078,0,0,0,5,73,73,0,3,1,2,2,0,1,2,2,0,0
1077,0,0,0,5,66,69,1352,3,1,2,2,0,1,2,2,0,0
1076,0,0,0,5,48,50,1082,1,1,2,2,0,1,2,2,0,1
1085,0,0,0,5,62,62,91,3,1,2,2,0,1,2,2,0,0
1084,0,0,0,5,48,49,591,1,1,2,2,0,1,2,2,0,1
1083,0,0,0,5,59,60,549,1,1,2,2,0,1,2,2,0,1
1082,0,0,0,5,59,59,227,3,1,2,2,0,1,2,2,0,0
1081,0,0,0,5,45,45,0,2,1,2,2,0,1,2,2,0,1
1087,0,0,0,5,45,45,12,3,1,2,2,0,1,2,2,0,0
1086,0,0,0,5,51,51,74,1,1,2,2,0,1,2,2,0,1
242,0,0,0,5,63,67,1471,3,1,2,2,0,1,3,3,0,0
241,0,0,1,5,42,46,1477,1,1,3,3,0,1,3,3,0,1
240,0,0,0,5,71,71,70,3,1,3,3,0,1,3,3,0,0
244,0,0,0,5,56,56,1,2,1,3,3,0,1,3,3,0,1
243,0,0,0,5,50,50,158,3,1,3,3,0,1,2,2,4,0
239,0,0,0,5,52,55,1217,2,1,2,2,4,1,2,2,4,1
238,0,0,0,5,62,65,1228,3,1,2,2,4,1,2,2,4,0
237,0,0,0,5,50,60,3801,1,1,2,2,4,1,2,2,4,1
236,0,0,0,5,55,65,3767,1,1,2,2,4,1,2,2,4,1
235,0,0,1,5,46,46,293,3,1,2,2,4,1,2,2,4,0
248,0,0,0,5,63,63,225,3,1,2,2,4,1,2,2,4,0
247,0,0,0,5,51,51,98,1,1,2,2,4,1,2,2,4,1
246,0,0,0,5,44,44,60.445,2,1,2,2,4,1,2,2,4,1
245,0,1,2,5,77,79,791,3,1,2,2,4,1,2,2,4,0
273,0,0,0,5,55,59,1550,1,1,2,2,4,1,2,2,4,1
272,0,0,0,5,63,63,60.445,1,1,2,2,4,1,2,2,4,1
271,0,1,2,5,67,67,195,3,1,2,2,4,1,2,2,0,0
266,0,0,0,5,73,74,426,3,1,2,2,0,1,2,2,0,0
270,0,0,0,5,41,46,1855,1,1,2,2,0,0,2,2,0,1
269,0,0,0,5,64,69,1953,3,1,2,2,0,0,2,2,0,0
268,0,0,0,5,72,72,60.445,1,1,2,2,0,0.45,2,2,0,1
267,0,1,2,5,56,56,79,1,0,2,2,0,0,2,2,0,0
263,0,0,0,5,59,60,510,3,0,2,2,0,0.67,2,2,0,1
262,1,0,0,5,34,35,463,3,0,2,2,0,0.65,2,2,0,0
261,0,0,0,5,48,50,848,2,0,2,2,0,0.633,2,2,0,1
265,0,0,0,5,45,50,1849,3,0,2,2,0,0.34,2,2,0,0
264,0,0,1,5,53,54,368,1,0,2,2,0,0.568,2,2,0,1
260,0,0,0,5,79,79,244,3,0,2,2,0,0,3,3,4,0
259,0,0,2,5,49,49,10,1,0,3,3,4,0,3,3,4,1
256,0,0,0,5,53,53,9,3,0,3,3,4,0,3,3,4,0
255,0,0,0,5,88,89,492,1,0,3,3,4,0,3,3,4,1
258,0,0,1,5,49,49,7,3,0,3,3,4,0,3,3,4,0
257,0,0,0,5,59,59,8,2,0,3,3,4,0,2,2,4,1
254,0,0,0,5,58,58,144,1,0,2,2,4,0,2,2,4,0
251,0,0,0,5,87,87,60.445,3,1,2,2,4,0,2,2,4,1
250,0,1,2,5,53,53,185,3,1,2,2,4,0,2,2,4,0
253,0,0,0,5,54,54,199,1,1,2,2,4,1,2,2,4,1
252,0,0,0,5,61,61,160,3,1,2,2,4,1,2,2,4,0
